 said,neutral
 plus ad commerci experi tacki,positive
 today must mean need take anoth trip,negative
 realli aggress blast obnoxi entertain guest face amp littl recours,negative
 realli big bad thing,positive
 serious would pay flight seat play realli bad thing fli va,negative
 yes near everi time fli vx ear worm go away,negative
 realli miss prime opportun men without hat parodi,negative
 well,positive
 amaz arriv hour earli good,positive
 know suicid second lead caus death among teen,neutral
 lt pretti graphic much better minim iconographi,positive
 great deal alreadi think nd trip amp even gone st trip yet p,negative
 fli fabul seduct sky u take stress away travel,positive
 thank,positive
 sfo pdx schedul still mia,neutral
 excit first cross countri flight lax mco heard noth great thing virgin america daystogo,positive
 flew nyc sfo last week fulli sit seat due two larg gentleman either side help,negative
 fli,neutral
 know would amaz awesom bos fll pleas want fli,positive
 first fare may three time carrier seat avail select,negative
 love graphic,positive
 love hipster innov feel good brand,positive
 make bos gt las non stop perman anytim soon,neutral
 guy mess seat reserv seat friend guy gave seat away want free internet,negative
 status match program appli three week call email respons,negative
 happen ur vegan food option least say ur site know abl eat anyth next hrs fail,negative
 miss worri togeth soon,neutral
 amaz get cold air vent vx358 noair worstflightev roast sfotobo,positive
 lax ewr middl seat red eye noob maneuv sendambien andchexmix,neutral
 hi bked cool birthday trip add elev caus enter middl name flight book problem,neutral
 hour oper club sfo post onlin current,negative
 help left expens headphon flight iad lax today seat one answer l amp f number lax,negative
 await return phone call would prefer use onlin self servic option,negative
 great news america could start flight hawaii end year via,neutral
 nice rt vibe moodlight takeoff touchdown moodlitmonday sciencebehindtheexperi,neutral
 moodlight way fli best experi ever cool calm moodlitmonday,positive
 done done best airlin around hand,positive
 book flight hawaii,neutral
 chat support work site,neutral
 view downtown los angel hollywood sign beyond rain mountain,positive
 hey first time flyer next week excit hard time get flight ad elev account help,positive
 plz help win bid upgrad flight lax gt sea,neutral
 unus ticket move new citi fli fli expir travelhelp,neutral
 flight leav dalla seattl time feb,neutral
 elevategold good reason rock,positive
 dream,neutral
 wow blew mind,positive
 last night tribut soundofmus oscars2015 think agre,positive
 entertain,positive
 flight way suppos take minut ago websit still show time flight thank,negative
 juli andrew way though impress,positive
 wish flew atlanta soon,positive
 juli andrew hand,positive
 flight leav dalla la februari th,neutral
 hi excit lga gt dal deal tri book sinc last week amp page never load thx,negative
 know need spotifi stat guiltypleasur,neutral
 ladi gaga amaz,positive
 carri,neutral
 new market song let us know think,neutral
 juli andrew first ladi gaga wow last night carri meh,positive
 call week ago ad flight elev still shown help,negative
 great go carrieunderwood,positive
 sorri mari martin first,positive
 love three realli beat classic,positive
 flight dal dca pm tri check could status pleas,neutral
 heyyyi guyyyi tri get hour someon call pleas,negative
 hi virgin hold minut earlier flight la nyc tonight earlier pm,neutral
 congrat win award best deal airlin us,positive
 everyth fine lost bag,negative
 need chang reserv virgin credit card need modifi phone waiv chang fee onlin,neutral
 email custom servic team let know need track number,negative
 hi book flight need add baggag,neutral
 airlin awesom lax loft need step game dirti tabl floor,negative
 worri great ride new plane great crew airlin like,positive
 awesom flew yall sat morn way correct bill,positive
 watch best student film countri feet cmfat35000feet,neutral
 first time fli differ rate polici media bag thank,neutral
 go custom servic anyway speak human asap thank,negative
 happen doom,neutral
 supp biz travel like custom servic like neverflyvirginforbusi,negative
 appli member inflight crew team im interest flightattend dreampath g,neutral
 best whenev begrudg use airlin delay late flight,negative
 interest fli cancel flight next four flight plan neverflyvirginforbusi,negative
 disappoint experi share everi busi travel meet neverflyvirgin,negative
 troubl ad flight wife book elev account help,neutral
 bring reserv onlin use flight book problem code,neutral
 random q distribut elev avatar bet kitti disproportion share,neutral
 lt fli va life happen tri chang trip jperhi help va home page let,negative
 site back,neutral
 rnp yeah know,neutral
 hi get point elev account recent flight add flight point account,neutral
 like tv interest video disappoint cancel flightl flight flight went jfk saturday,negative
 land lax hour late flight bag check busi travel friend nomorevirgin,negative
 flight redirect,negative
 websit btw new websit great user experi time anoth redesign,positive
 check add bag websit work tri desktop mobil,negative
 let scan passeng leav plane told someon remov bag st class bin uncomfort,negative
 phone number find call flight reserv,negative
 anyon anyth today websit useless one answer phone,negative
 tri add boy princ ressi sf thursday lax,neutral
 must travel miss flight late flight check bag miss morn appoint lost busi sfo2lax,negative
 check new music,neutral
 direct flight fll gt sfo unexpect layov vega fuel yet peep next bought vega flight sneaki,neutral
 late flight bag check lost busi miss flight apt three peopl flight exp,negative
 amaz custom servic raeann sf best customerservic virginamerica fli,positive
 call servic line hung awesom sarcasm,negative
 site trip tri check get plain text version reluct enter card info,neutral
 schedul sfo dal flight today chang th due weather look like flight still,neutral
 getaway deal may one way lot cool citi cheapflight farecompar,positive
 getaway deal may one way lot cool citi cheapflight farecompar,positive
 getaway deal may one way lot cool citi cheapflight farecompar,positive
 getaway deal may one way lot cool citi cheapflight farecompar,positive
 great week,positive
 come back phl alreadi need take us horribl cold pleasecomeback,negative
 concern fli plane need delay due tech stop,negative
 best airlin flown easi chang reserv help repres amp comfort fli experi,positive
 anoth rep kick butt naelah repres team beauti thank,positive
 beauti front end design right cool still book ticket b c back end secur,negative
 love team run gate e9 las tonight wait delay flight kept thing entertain,positive
 use anoth browser amp brand reput built tech respons cross browser compat websit,positive
 flight flight book problem site total folk problem,negative
 like custom servic min delay connect passeng seem long va370,negative
 thank outstand nyc jfk crew move mountain get home san francisco tonight,positive
 absolut best team custom servic ever everi time fli delight thank,positive
 provid complimentari upgrad first class avail seat,neutral
 need chang flight that schedul hour min wait time phone im call intern help,negative
 complet awesom experi last month bos las nonstop thank awesom flight depart time vabeatsjblu,positive
 watch oscars2015 jfk gt sfo flight,neutral
 flight cancel flightl,negative
 fail custom check process link tsa pre check,negative
 us terribl airlin gave us hotel hotlin number said sorri,negative
 flight number sfo cabo san luca arriv yet,negative
 assist yesterday u cancel flightl flight give us hotel hotlin shame,negative
 anoth delay flight likingyoulessandless,negative
 need regist servic dog first class ticket sfo gt dull phone queue hour longer pls advis,negative
 rock make watch oscar flight redcarpet oscar oscars2015,positive
 drop track,neutral
 alway xoxo,positive
 book seat flight buy even check creat much anxieti frustrat,negative
 think pay extra buck rt luggag might afford hire extra hand lame,negative
 best custom servic rep world irmafromdalla take cake,positive
 find us flt lax sooner midnight monday would great custom servic,negative
 pleas provid status flight cant imagin time web indic dude weather dalla,neutral
 amaz staff amp super help ran princesshalf spoil comfort,positive
 paid premium fli across countri cancel flight flight offer check fee upgrad love sad face,negative
 question possibl book seat infant give option want seat,neutral
 alway togeth welcom rt welcom,neutral
 flight home dc sunset globe backtowint back work refresh,neutral
 understand need dm give answer damag luggag polici,negative
 mean polici destroy luggag,negative
 special assist travel alon w kid infant prioriti board,neutral
 thank check ticket purchas custom happi,positive
 websit ever come back onlin,negative
 flight love field sfo definit cancel flightl monday februari,neutral
 flight lga dfw time,neutral
 driver licens expir littl month fli friday morn use expir licens,neutral
 problem flight book problem web site keep give error contact phone phone minut wait,negative
 reschedul cancel flightl flight onlin chang button grey,negative
 rang wait minut book ticket vendor fix site,negative
 got flight told today check email tomorrow unaccept,negative
 flight lga cancel flight stuck dalla call reschedul told could get flight today,negative
 pair includ red wine white offer redwineisbett,neutral
 websit,neutral
 site seem littl wonk right may want look tri two browser css,negative
 disappoint agent design silver status check line _airport close assist paseng,negative
 plan includ austin dalla rout topnew arab emir,neutral
 normal receiv repli central baggag baggageissu smh,negative
 logan airport wait checkin flight checkin desk open,negative
 jump dalla austin market _new,neutral
 beat ep view take southwestair va luv investor busi daili,positive
 lister show monday,neutral
 begin dalla austin flight april ketr,neutral
 congrat got busi ewr sfo lax fuck fl1289 sfo ewr clincher,negative
 appli week ago heard back fli week disappoint,negative
 love know polici damag luggag,negative
 thank follow,positive
 mani apolog r wors airlin even respond cudtom,negative
 shame va make peopl spend money strand citi airlin land jfk reimburs,negative
 dm,neutral
 pleas flight sjc choic fli southwest vega,neutral
 bad say take day via confirm email inquir week claim week,negative
 flight bos gt las tomorrow cancel flightl notif wait time hour rebook anoth airlin,negative
 rt met match got status anoth airlin upgrad restr,neutral
 way fli elev gold,positive
 guy flight cmh,neutral
 lot apolog thrown custom see sad thank noth worst airlin ever,negative
 flight stuff wrong noth worst flight ever,negative
 issu find miss item plane help find airport plane head next,negative
 match americanairlin status cool,neutral
 met match got status anoth airlin upgrad _es_ar,neutral
 tri book flight guy websit let lose busi,negative
 suck,negative
 thank,positive
 dm issu persist,positive
 never rec cancel flightlat notic left w option fli ps drive la red eye mon w kid,negative
 tri book flight amp site,negative
 flight fli boston tomorrow need home cancel flightl flight anyth,negative
 stink flight cancel flight psp jfk notif abil rebook disappoint expect better,negative
 love guy song danc high school danc revu,positive
 websit tri check,negative
 done thank quick respons appar faster sit hold,negative
 nervous flight dc lax get cancel flightl tomorrow sent dm help,neutral
 cool pictur anoth virginamerica plane wing site,positive
 keep great work,positive
 good peopl field amaz pressur texa beatstheoth crisi pleas fli ny,positive
 thank great flight la boston pilot great job land snow go back la serious,positive
 pleas get new york area monday afternoon,neutral
 thank much awesom support guy rock,positive
 seat row reclin mention websit soreback,negative
 flight delay hour la due mechan problem handl like pros could toss us free drink,negative
 cancel flight flight today precipit scare,negative
 twitter team guy kill reschedul asap thank,positive
 guy charg reschedul flight cancel flight refus refund deal,negative
 access websit safari iphon seem work mac ipad need iphon add passbook,neutral
 ipad iphon click checkin link email receiv hrs flight,neutral
 mobil site broken show header elevateus numofpointsavail number point let checkin,negative
 realli look forward flight let know reschedul diehardvirgin,positive
 cancel flight flight vx413 one sec delay airport next cancel flightl gonna email call reschedul,negative
 problem link email check thank,neutral
 chang anoth airlin get dc today abl land dc cost ugh,negative
 look forward first flight today cancel flightl along subsequ one,negative
 put great deal pdx las las pdx show love,positive
 wish afford fli next friday go back home love everyth airlin,positive
 gonna deal dalla dc deal dc dalla sad,neutral
 bug report guy,positive
 hold time call center bit much,negative
 like,neutral
 site help,neutral
 best flight attend ever,positive
 awesom rt watch nomin film feet meetthefleet oscar,neutral
 thank much,positive
 tri reset password email never arriv help,negative
 airlin base silicon valley disrupt fcmostinnov incub,neutral
 nice done,positive
 look forward watch oscar flight home tomorrow might even get someth bubbl drink,neutral
 reason delay departur vx jfk afternoon,negative
 today flight palm spring ca jfk ny cancel flightl,neutral
 hahaha guy amaz love guy,positive
 sound like fun,positive
 updat flight jfk gt lax,neutral
 spruce moos,neutral
 css site right pleas fix site unus,negative
 flight vega boston today check onlin bag count regist fix somehow,negative
 classiq luv virgin america greetingz,neutral
 hi tri check websit work tri differ browser problem continu,negative
 thank great custom servic today amp help get travel sort,positive
 thank guy sweet rout rocki airplanemodewason,positive
 love music blast gate boston wait flight sanfrancisco could get ice coffe,negative
 passeng flt assault flown trust ban crew file report,negative
 current bug websit show select departur citi select destin citi,negative
 luggag sever dent miss wheel come baggag claim san luggag agent miranda think help,negative
 thank easi itinerari shift impend weather quick painless amp free,positive
 love see girl inspir becom pilot rt free woaw event march abq,neutral
 thank good time back vodkaton entir flight sfo,positive
 beat expect share take santa cruz sentinel,positive
 plan start fli direct dal las,neutral
 big love gratitud mpower w werin oscars2105 vipswagbag avalonhollywood,positive
 great job ad littl luxuri aesthet improv air travel experi thank keep,positive
 request window seat confirm window got stuck middl seat good way treat silver member,negative
 grand budapest hotel oscarscountdown,neutral
 miss next trip,negative
 wtf paid direct flight purpos stop fuel exhaust frequent flier noth inconveni,negative
 someth wrong websit safari iphon,neutral
 thank gate check baggag full flight dfw lax give earli board sweet,positive
 alreadi check page expir x,negative
 boo refund seat upgrad fee want buy first place,neutral
 share rise q4 financi result usa today,neutral
 add pillow instead lie flat seat first class arm race,neutral
 see,neutral
 way take advantag mayweatherpacquiao,neutral
 know fli virgin fight mayweatherpacquiao,neutral
 inflight team make experi amaz,positive
 cutest salt pepper shaker ever think guy get better,negative
 move seat notic better seat cabin select behind row select disappoint,negative
 share q result,neutral
 fav airlin,positive
 hot femal pilot sweet dca sfo,positive
 guy go start fli pari welcom,neutral
 polici fli surgeri still wait answer tell doctor,negative
 alreadi contact central baggag amp sent dm charg dress lost suitcas help,negative
 thank,positive
 anyth go websit get lot error past minut,negative
 think left someth plane yesterday call ah,negative
 need follow back order dm,neutral
 need start fli,neutral
 told check airlin regul first contact,negative
 check flight sfo lax amp told atlant fli club gold get benefit,neutral
 husband order three drink via screen never came awesom,negative
 soooo guy go leav seatbelt light flight bare call turbul,negative
 polici fli surgeri,neutral
 post second consecut full year net profit,negative
 funni stori websit broken miss javascript stylesheet checkin process dislik,negative
 would love virgin like,neutral
 result handili exceed forecast,neutral
 appli posit wonder guy receiv applic,neutral
 achiev second year profit despit revenu pressur _aviat,neutral
 give posit outlook see increas competit,neutral
 tri check ct flight tmm desktop websit work sort cach bug sos,negative
 weather delay gt next week jfk bos dca,negative
 check websit go airport,neutral
 guy know check link email broken,negative
 pilot say expect choppi land nyc due gusti wind w temperatur degre amp w windchil,negative
 love wait monday return flight most watch inflight safeti video sorrynotsorri,positive
 lost luggag day ago flight vx lax iad amp call everi day respons pleas give back stuff,negative
 flight book problem section websit seem broken chrome might wanna look,negative
 hi want see new rout plan year newark love fli guy hope,neutral
 mean probabl inappropri board,neutral
 happi spend day togeth let,negative
 save saniti right,neutral
 miss flight standbi work,negative
 understand help thx comp,positive
 brought way across countri today see,positive
 thank absolut,positive
 look like broken link asset,negative
 readi let say togeth noooo turbul today,neutral
 manag itinerari section websit seem broken,negative
 check site look like everi time load,negative
 u help _fund need urgent treatment in2i old battl cancer could u help flight freyasfund,neutral
 may start servic hawaii sanfrancisco year biztravel,neutral
 carrier less half price round trip fare stun,negative
 wtf happen pdx late flight march one way sfo,neutral
 add dtw sold,neutral
 free drink flight back free promo,neutral
 thank,positive
 momma made,positive
 pleas contact portfolio left flight vx jfk sfo tonit seat need return call,negative
 help flight jkf tonight seat c left portfolio need back,neutral
 seattl bound wifey got duffl vday keeper holla,neutral
 luggag gone file paperwork promis call email still resolut respons central luggag,negative
 debbi baldwin gave rockstar perform safeti demo even vx919 las2sfo bestcrew sherock,positive
 thank,positive
 thank take care flight rockstar travel,positive
 thank love soft view travel san sfo,positive
 request mileag challeng status sever week ago onlin heard back get help,negative
 tri book ticket nyc face super fun broken style worri keep tri,positive
 mani thank follow ourprincess freyasfund usa bandi look help,positive
 nice lofti view silverstatus,positive
 appli status match feb got confirm email day still news though guy drop ball late flight,neutral
 new go airlin,neutral
 help ourprincess need help usa,neutral
 ador look forward flight austin two week,positive
 glad mention took first virgin flight year back transform experi,negative
 flight book problem flight uphold status match tax ticket count earn status point statusmatch virginamerica,neutral
 tri check look like site,neutral
 spend birthday night dal dca get home,negative
 sent coupl messag email provid avail tri next year cheer,neutral
 first time fli virgin went sanfrancisco thank smooth ride easili new fav airlin,positive
 serious though direct flight sfo fll may,neutral
 fine alreadi done purchas tri go way go back,negative
 realli experi hope ws forc check small carri w noth empti cabin space board,negative
 wjere luggag slow lax,negative
 jump dalla austin market,positive
 spoke repres offer solut loyal custom fli well,negative
 deepli disappoint birthday promo appli trip book mere day receiv email,neutral
 happen direct flight sfo fll look may see connect help dontdothistom,neutral
 help left blazer koopl jacket bag rd row second seat right gate t3 lax flight sfo,negative
 partner checkout mobil payment method help boost mobil convers rate etailwest payment visa,neutral
 promot product problem southwest recommend noneoth best,neutral
 love guy pls get direct rout las aus,positive
 would like help flight pleas,neutral
 bruh turn vxsafetyd,neutral
 cours work obsess entir virgin famili,negative
 ok first time fli tonight,positive
 dig swanki pink mood light flight nyc sfo need cabaret singer think,neutral
 done need receipt asap could pleas help,neutral
 emboss badg patch superior one current use,neutral
 vx399 jfk la dirti plane standard,negative
 flight vx399 head la jfk dirtiest va plane ever sad great airlin,negative
 got squar away someon pick soon tweet tweet sooner,positive
 avi rental continu button work websit book car tri time phone suck,negative
 delay to10,negative
 current minut hold cust servic need anyth add lap child reserv,negative
 add pillow instead lie flat seat first class arm race,neutral
 cours fun celebr thank happi chines new year,positive
 flight book problem last second flight next week sfo san chanc want gift promo code sinc love guy,neutral
 comen bank joke pleas chang noth constant problem bank,negative
 dm u also add,neutral
 grandma ella th would lt bday greet flight crew stewardess eastern airlin,neutral
 bought tix atx dalla rout thank ad love yr airlin amp yr websit best transact site ever,negative
 anytim sugafli,neutral
 gave credit late flight flight yesterday great servic wow moment unexpect gestur,positive
 need receipt flight chang send one,neutral
 submit status match request back still heard fli monday look acceler,neutral
 safeti video love first cross countri flight livewelltravel sytycd,positive
 look fat look yummi,positive
 ceo say southwest amp jetblu stray low cost model,neutral
 brilliant brisk boston cue vx363,positive
 atlant plough lone furrow middleeast,positive
 atlant plough lone furrow middleeast,positive
 atlant plough lone furrow middleeast,positive
 omg omg nonstop dalla austin virgin,neutral
 plane realli pretti thought u know,negative
 fli hawaii,neutral
 pull hair tri book flight u site work iphon ipad comput help,negative
 thank,positive
 get help support ticket day incid thank,positive
 good home texa moodlight,positive
 cannot even open laptop seat c paid premium let,negative
 seat c cannot even open laptop paid extra seat,negative
 guy start flight end month guess still road trip feb,negative
 thank need way make austin trip dca come,positive
 announc new rout austin w fare way,neutral
 realli sprint thought guy kewl _0,neutral
 cool never ur plane,negative
 dollar lax las fare,neutral
 great well deserv,positive
 fyi info com email address say contact password reset email exist email bounc,neutral
 status match week gone news flt next week hope flt count toward requir cust svc help,negative
 websit suck donkey dick thought know best,negative
 still develop app favorit airlin,neutral
 crap channel pay watch uk tv,neutral
 got set thank,positive
 channel year,neutral
 thing see passbook virgin mobil mexico integr,neutral
 giant virgin america match made heaven,positive
 thank good also see friday nwk gt sf boom,positive
 come iphon app still use make wast paper,negative
 back seat entertain system accept credit card apostroph surnam apostrophefail,negative
 vx use lga slot instead today ad aus make less like,neutral
 help step game tindertip tinderchamp,positive
 luv ur peopl product thing u charg herbal tea black tea caffein drinker,positive
 thank see soon excit see expans destin spread wing,positive
 announc new nonstop connect amp intro,neutral
 add austin dalla love field rout,neutral
 sad learn longer fli sfo gt phl hope return,negative
 tweet cancel flight chng fee flight rebook one affili afili,negative
 incred custom servic ever experienc refresh,negative
 see virginamerica come philadelphia phl,negative
 dream realli open rout dalla austin mean houston might next,neutral
 omg final,positive
 start xweek a319 flight dalla austin apr avgeek,neutral
 nice see expand texa forget us sandiego would love see flight,positive
 kinda suck earphon jack work flight may want look futur passeng,negative
 poor experi first comput problem seat malfunct stuck miss meet san diego,negative
 battl rout via,neutral
 thankyou dal aus rout make day,positive
 awesom deal dal aus way,positive
 miss nerdbird san jose,neutral
 love take backyard consum win biz compet,positive
 fli love austin excel news,positive
 make everi vx plane nerdbird austin one get nerd love,positive
 pleas add frequenc pdx portland,neutral
 congrat vx new rout,neutral
 tri offer charg addit k new ticket strand thur st time last time,negative
 u help flight get old battl cancer need treatment _fund,neutral
 never bad experi one took cake extort carri item well,negative
 spend hour worri item carryon would broken stolen sinc carri plane lock bag,negative
 group e told room bin got plane room least bag row,negative
 thank make flight lax jfk nightmar forc check carri bag gate,negative
 lot flight book site work phone wait minut,negative
 flight artisan chees wine pair,positive
 virgin america fli direct seattl nyc boston,neutral
 classi,neutral
 sure lot jfk lhr flight go lot faster mph strong tailwind,positive
 minus minut elev silver upgrad window open freeneversuck,neutral
 save tomorrow,neutral
 take year fli home dalla get shit togeth,negative
 club virgin bump new york,neutral
 would rough trip luckili virginamerica flight weather,neutral
 thestart,neutral
 pleas come minneapoli st paul,neutral
 yes fyi bff,positive
 anoth perfect flight come plane sun visor stay carrier make rais,positive
 nice rt man steel might faster wifi say sciencebehindtheexperi,negative
 love danc littl richard cool bean,positive
 use passbook still love though lt use email futur,positive
 thank free birthday point right,positive
 applic io look saw virgin mexico lt,neutral
 man steel fli citi though frequenc,neutral
 thank much share ad site,positive
 good point,neutral
 heard virgin mobil hotspot,neutral
 got chees plate flight,positive
 flight,neutral
 dad segway best part whole infograph,positive
 plan short haul airlin europ would defiant fli guy,neutral
 wifi better seat,negative
 come abc one network channel,neutral
 start flight scold use overhead bin offer person seat next,negative
 great return call day ask myvxexperi,negative
 airlin cancel flight flight bos help custom get home virgin say good luck,negative
 dear virgin custom strand sf day amp cost least accommod,negative
 use next airlin commerci lol,neutral
 group virgin other bos weather expos actual cus serv model never flight book problem virgin,negative
 one travel affect boston storm shock virgin complet apathi toward custom,negative
 umm reason someon differ contact contact get definit answer,negative
 tri make chang advanc hour prior tri onlin earlier want chang fee,negative
 loyal drive nyc pa fli virgin sinc cut philli flight,negative
 way chang main cabin main cabin select flight without pay chang fee penalti,neutral
 guy perfect alway lt wervirgin,positive
 thank best custom servic left industri,positive
 give silver status month,neutral
 realli wish fli fargo fare amaz,positive
 mood light point reclin seat kickin feet,negative
 flight schedul pm departur still say time plane gate updat long delay,negative
 group got cancel flightlat fee waiv ticket book rep help either,negative
 sign bonus enrol elev,neutral
 got pm newark home la folk ewr incred letsgohom,positive
 morn question regard elev point amp flight dm,neutral
 still wait see _dev_,negative
 wonder guy reciev dm abl potenti respond asap,positive
 fli lax sfo look awesom movi lineup actual wish long haul,positive
 book town fare way restr,neutral
 thank,positive
 thank take care mr happi custom,positive
 still refund word via dm pleas resolv issu cancel flightl flight useless assist trip,negative
 delay due lack crew delay long line deic still need improv servic unit,negative
 thank fill luck common,positive
 eri ord express connect huge popular could eri ewr hop,neutral
 even intern flight glasgow u orlando newark min,neutral
 think board flight au1066 earli think,neutral
 understand tough way get airport w serious risk accid steep price,negative
 gate agent hook altern flight way prevent constant issu would rock,positive
 fli gla mco week long airport departur intern domest ta,neutral
 thank,positive
 thank ticket,positive
 law polici,neutral
 worst nonrefund first class ticket oh select global fc system auto select economi w upgrad,negative
 buy tix day flight transfer tix flaw secur logic flaw custom servic,negative
 start claim week unrealist realli suppos go long car seat child ridicul,negative
 follow pleas airlin beautiful,neutral
 sure unit info system,negative
 car seat lost reimburs new one pair shoe necess child,neutral
 submit respons link sent,neutral
 yes david allan send email number kmm24999563v99860l0km case,neutral
 total suck cousin work phl said,negative
 want let know wonder rosetta gate agent work flight dan ase let know wasappreci,positive
 yes paper voucher got januari th,neutral
 begin feb call unit said would send anoth voucher mail never got anyth tiredofwait,negative
 internet great thing email execut compani mayb respond time manner,negative
 need use chase unit club pass yr old son come pass,neutral
 suppos number,neutral
 that weak see ya hey,negative
 flew back w compani sinc unit didnt earlier flight,negative
 lost voucher given miami aeroport jan use,negative
 tri book award septemb need flight show even w mani award seat availab,neutral
 sure drive total hour get bag like explain debacl one want talk,negative
 gee like almost care ppl think int trust adult w daughter,negative
 see told repeat pilot late flight kept get late flightr board defibril issu,negative
 prefer secur line anymor tsa pre check pull partner flight platinum spoil,negative
 newarkliberti airport need indic differ gate termin amp c flyingainteasi,negative
 yes pleas newli marri tri updat last name preexist intern flight seem easi,neutral
 unit refus reissu lost voucher plane take due mechan badcustomerservic,negative
 also run instruct shatter comput,negative
 yes agent last minut one agent rude thank ladan nice,negative
 right overnight miami,negative
 client hr layov iah day claim amp recheck luggag taken care,negative
 tri find loaner seat new use use car seat illeg accord safeti regul,negative
 dmed detail,neutral
 iah charlott baggag claim rep latric h customerservic non exist ignor custom inappropri touch custom,negative
 kewl also let know overhead bin row inop love good abbrev,negative
 thank help got need issu _austrian guess sit awhil longer,negative
 would love respond websit saw realli long form busi new seat bad,negative
 refund flight voucher anoth flight differ airlin expens today hour drive inconveni,negative
 receiv call back day infant car seat suppos go anywher child,negative
 thank concern contact custom care upon return australia,neutral
 well sit ground time wait gate tiredofthi,negative
 airport snow remov method keep good work folk cessna becom,positive
 need guy book plane concern travel someon els move forward,negative
 measli e certif appreci loyal custom wait hrs tarmac ua1116 unaccept,negative
 email address usernam sign avail,neutral
 thank abl claim interim expens cost stuff,negative
 rude rude,negative
 get board pass austrian airlin codeshar flight rebook incl hour layov amp stuck outsid sec,negative
 receiv flight unit truli break guitar unitedbreaksguitar wantmymoneyback,negative
 flew telaviv paid third suitcas even make plane besid impolit servic,negative
 bag still colo spring disabl search unfamiliar airport look bag good outcom,neutral
 shame flex ticket transfer rule even call neurosurgeri icu enough,negative
 denver said handl baggag made colo spring gave number call help either,negative
 guy need serious train custom servic mani better option put way guy handl ur mistak,negative
 ord dca,neutral
 found problem avoid like plagu told find supervisor,negative
 zcc82u cancel flight flight h advanc need connect flight reschedul link help help gf wait month see,negative
 fli,neutral
 addit first flight delay hour arriv destin hrs late flight,negative
 cancel flight flight rebook us ad flight drive denver kc thank,negative
 announc pre board address mobil disabl requir travel lot stuff preboard,neutral
 flew unit last month experi awesom,positive
 travel book thru unit group dept okc ticket agent less will help connect lax,negative
 v upset disabl servic told one employe carri medic equip rude,negative
 thnx quick repli think assist intl grp put consider inconveni today,positive
 wont transfer flight ticket accompani yr old activ militari mom emerg brain surgeri wow,neutral
 week late flightr still receiv mile mileageplus gift card starbuck card hand,negative
 k alway hope improv,positive
 yet complain guy check luggag throw bag around unfortun coincid hope,negative
 okc ticket agent roger mclarren sp less help intl group travel problem find supervisor help,negative
 mobil app need construct ground os categori expens get right,negative
 anoth fail unit ticket agent okc less help could care less problem american come,negative
 also work wc coach good thing bird land ahead schedul use wc stat,positive
 os control rather app new,negative
 sent email custom care tell may break sincer hope help,negative
 silli fli delta today unit club staff attend sur unhelp alway seem bother peski folk,negative
 phone number find call flight reserv,negative
 well fix miss buddi th bday neglig attempt make,negative
 believ help custom servic like said want number someon fix,negative
 help baggag servic desk said bc tsa screen fll bag made bag ewr,negative
 mobil board pass disappear phone stand line board second time week hmm,negative
 record rozana newark love help choosekind,neutral
 last night ord lga,neutral
 thx updat,positive
 thank,positive
 dm nut,neutral
 explain eager flight attend tri ask vision guid dog,neutral
 point ask detail servicedog book flight crew read continu,negative
 tri one avail bogota everyon rude houston stuck hour guy,negative
 worst2unitedflightsev ua las iad mechan problem took land fix delay wtfodd,negative
 despit bag make newark good inform email track updat help,negative
 go ua outbound flight last thur delay hrs long delay worst2unitedflightsev,negative
 worst2unitedflightsev ua1429 iad las mechan problem switch aircraft delay hour,negative
 crash tri check,negative
 wow deal plus seat avail easi chang make custom happi,negative
 thank info alreadi knew,positive
 airlin troubl winter amp get good custom servic contact negoti resolut,negative
 logan board gong show due lax carri enforc bin full coat room bag u need better system,negative
 thank,positive
 blackmail pay extra return ticket nullifi san francisco airport terribl servic rep scam,negative
 email address reach long dm,negative
 disappoint u didnt honor credit given ur mistak take busi elsewher,negative
 ua1673 still wait suppos depart,negative
 credit last trip never came mail,negative
 ok month wait hear airlin gave quit bit day request terribl servic,negative
 process ever end still wait repli sinc month pathet customerservic,negative
 go websit flight book problem three ticket today boot system umpteen time,negative
 get account number websit say email unavail,negative
 need book two one way order fli unaccompani minor,neutral
 receiv bag last night still miss one,negative
 need upgrad seat even economi plus like sit concret bench,negative
 pls help babi hannah get life save surgeri requir need help pls donat rt,neutral
 bet wont honour like mine ey,neutral
 nd flight also delay pilot board sit schedul,negative
 guess much ask huh,neutral
 hard stay upset someon least tri show remors,negative
 way simpl apolog goe long way even hollow one obvious care well,negative
 one time thing either shock pattern repeat neglect disrespect,negative
 finger cross amp intact disappoint experi actual say enjoy use,positive
 incred easi fix would rather stay comfort zone get forc mine,positive
 juli zero excus date system caus problem like,negative
 everyon around us sit friend famili member book ticket octob decemb bought,neutral
 sure talk go nonstop flight sna sfo sfo ewr,neutral
 move talk servic,negative
 pleas good weekend,neutral
 ask legitim question systemwid vs local problem got back unrel flightd copi past better,negative
 time call need ski go airport get faith unit,negative
 see guy amaz one compani continu make mistak yet fail held account error,negative
 tourist wonder super tide tide centuri french u k coast,neutral
 yeah sorri alway problem unit intern reput problem,negative
 yall probabl work,neutral
 mayb _sd_ks_ia would care hear went whoever listen issu caus,negative
 wonder share fb insta would produc number charact realli limit stori tell,neutral
 tell number call left airport neglig pilot staff,negative
 could email resent doesnt appear arriv,neutral
 yes pleas tri get pop newark,neutral
 follow order dm come,neutral
 unit coupon make broken entertain system hour flight serious ridicul learncustomerservic,negative
 drop bag overnight amp leav week suppos hold bag,negative
 dm detail still respons book today,neutral
 know probabl way get cheaper airfar ticket flight leav hour,neutral
 someon pleas explain process happen properti found plane passeng leav heathrow,negative
 abl dm confirm number,neutral
 sent messag let know got twitter liter also realli go stuck hrs,negative
 unhappi respons complaint email nd feb ref aw custom servic,negative
 dm work,neutral
 privat jet would cool work tri,positive
 given option use unit travelbank recent flight book problem help use recoup fund thank,negative
 common keep paper work readi delay flight meet,negative
 yul ord,neutral
 yep correct got email flight cancel flightl matter flight atl delay thx,negative
 k problem get fll iah sent dm make connect pleas let know,neutral
 done done,neutral
 thank sent,positive
 ground montreal ua3659 miss connect ua3417 st loui help privat jet,negative
 frustrat nervous,positive
 one make difficult,positive
 child someon issu fli prepar ahead time reduc distress caus plane,negative
 get cancel flightl hour take,negative
 alway happen guy make travel incred stress uncomfort good busi,positive
 someon sever anxieti one person help next,negative
 seek go client b c u cant get need refund fill form confid work past indic,negative
 thnx respons bot seem improv could easili attain st class servic realli worth,positive
 unrival access california flight u uk airport nonstop one stop connect year round,neutral
 book award tix thaiairway see conf unit flight book problem get get thai,neutral
 luckili made flight time disappoint lack communic,negative
 check see flight atl ord got cancel flight,neutral
 servic far horrid want end trip high note guess option,negative
 book flight home month ago request seat togeth fianc√© got middl seat unaccept,negative
 guy horribl,negative
 thnx info,positive
 pay wifi intern busi ticket pennypinch,neutral
 ok top thing lost luggag could get wors unitedairlin,negative
 kudo cancel flightl flight dfw morn unit usual first panic,negative
 luggag broken youcouldntmakethi brokenwheel,negative
 flight dfw ord current time see advisori dfw may affect weather,neutral
 mayb one day one quot,negative
 flight delay one rememb turn heat flight leav ord serious,negative
 anoth awesom new plane flight extrem nice captain steve connolli,positive
 speak real person get resolv polit effici,negative
 file refund claim told charg dm disput bank henc would like,negative
 bag make flight iad second day without cloth pretti inconveni pretti curious unitedairlin,negative
 everi unit flight saipan guam adventur never know old plane oper,negative
 henc ask custom servic phone number speak real person get sort,negative
 bag leav washington yet would conveni see left day ago unitedairlin lostluggag,negative
 fli st class one leg chicago long flight china still abl use loung chicago,neutral
 accord dms owe refund pleas may provid contact number go bank file claim,negative
 hour ago need work bag make hotel time need go elsewher,negative
 okay thank,positive
 file claim way call updat anoth way,negative
 pls proper train agent request speak k custom servic amp transfer dead end even open hr,negative
 thank rememb load bag onto connect flight oh wait forgot iceland fun cloth,negative
 thank chees platter abund entertain option time flew,positive
 custom servic atroci disrupt travel plan lost luggag imposs talk human,negative
 termin mia food open esp flight two hour earli like recommend eat,negative
 ua flight current stuck portland miss ride hour delay getmartyhom,negative
 respond various request contact number anyon know uk custom servic number unitedairlin,negative
 look get bag lusaka,neutral
 could updat suitcas pleas onlin phone track told noth told back yesterday,negative
 thank tri two day set,positive
 last thing u guy charg drink transatlant flight,negative
 lhr arriv loung fail wait min shower left find hotel u know mani passeng u carri plan,negative
 luck final reserv dm inform pleas let know els need want confirm asap thx,neutral
 complet form doubt use ua care day vacat sure ua feel respons,negative
 definit compliment realli thought bag lost sent anoth airport end happi custom,negative
 thanx much follow email ticket voucher unitedairlin care,positive
 definit trip rememb ewr sti second season first seat pay loyal,negative
 nope told us time go home sleep airport even though assur us would get room,negative
 keep updat let know bag make flight j burg,negative
 back expens holiday work year pay ruin want compens amp origin case back,negative
 thank unit understand would actual like bag back done also want money,negative
 frank wors custom servic ever problem happen deal defin compani never unit,negative
 still valid flight seem strang delay late flight inbound crew hour plane alreadi,negative
 thank lack help can respons k desk,negative
 bad ua anoth unforese oper issu return flight,negative
 would like know go current flight land,neutral
 pay luggag deliv arriv wait addit day deliveri,negative
 hotel peopl feel like held hostag someon board pass leav fail,negative
 one great airlin,positive
 outbound bag lbs bag return home bag lbs logic write machin human help requir,negative
 like hear poor experi pleas share detail w custom care team,negative
 cancel flightn left us fend flt came late flight get runaround hrs employe blame previous,negative
 local unit number malaysia local unit airlin kuala lumpur kul,neutral
 okay ase24766m find luggag,negative
 agent met us gate said issu w delay ua1116 would taken onlin,negative
 send urgent messag via eservic com bg0kwm narayanan pleas respond asap also local unit tel kul,neutral
 thank guy get a380 anytim soon,positive
 ladi one phone say tel aviv tel aviv unit say newark one know noth,negative
 see kn run plane run thank help,positive
 yes still answer mani luggag day unaccept,negative
 go noth like alway,negative
 sent feedback thank,positive
 plus food taxi,neutral
 offer us room peopl fail,negative
 peopl get pretti tire action solv problem plus miss day vacat ski,negative
 bright side would keep promis made hope good night thank,positive
 yes,neutral
 take back comment team work hard help us far solut hotel food anyth fail,negative
 arriv two hour late flight clt sit tarmac move plane gate unhappi custom,negative
 airlin absolut worst idea neveragain unitedairlin,negative
 thank might want fix line custom care team current respond inquiri within busi day,negative
 flew unit aus austin bergstrom cancun intl best flight ever big small,positive
 frustrat frequent flyer loyal sinc continent upgrad equal pay time top purchas ticket,negative
 deep vein thrombosi,negative
 wors figur pack plane screw connectn claim hotl room san fran strand pax way go,negative
 passeng hour delay flight left hotel end night hou airport wtf,negative
 hey flight iah pos leav late flight one back iah earli rather get pos earlier,negative
 lost bag process broken agent promis call amp hold bag found wake w deliveri fail,negative
 peopl counter help see nobodi flight austin still sit,negative
 unfortun still tarmac definit miss ride gonnabealongnight,negative
 regret hear pleas let us know need assist kn final abl secur seat thx,positive
 time check open flight ua80 manchest newark today,neutral
 good know open close door premier passeng safeti brief delay flight annoy,negative
 dm sent,neutral
 yea get phoenix alreadi delay day peopl bullshit,negative
 consol staff stellar hour delay encount everi one flight,negative
 flight ua3576 gate b1 tell ray somehow made flight iah wait one,negative
 unfortun xmas gift look like razor rip right front pocket pictur,neutral
 thank ask,positive
 lost bag cancel flightl flight delhi call center poor unit staff spread thin stress name,negative
 yes make mistak less absurd chang fact inconveni miss luggag tonight,negative
 constant challeng upgrad amp charg order prevent dvt pay addtl,neutral
 ord wait min crew member left gate item came flight attend sarcast said good luck walk away,negative
 follow back pleas happili dm link rather share travel plan public,neutral
 favorit airlin,positive
 serious fail make stranger share room,negative
 _mcintosh68 nah,neutral
 need asap make today flight,neutral
 agent split reserv cancel flight refund credit wks,negative
 vacat go ruin w day rain chang fee us near cost origin flight help,negative
 sent messag let know asap,neutral
 would make share room,neutral
 tri call w min phn wait mean miss option anyway,negative
 ask guy flight bwi wait us get delay flight san diego pretti pleas,negative
 still wait find rep work hard upset wait tomorrow pm get mammoth,negative
 earli flt think call appropri yes review nada avail next day expect full refund,negative
 understand thank,positive
 ask call get fix tweet bs question stall make thing wors phone number pleas,negative
 yo yo yo stuck tarmac hour go miss ride help pleas helpimstuck unit,negative
 high unprofession overbook flight seat amp feel rearrang schedul mismanag,negative
 well consid everi agent claim unabl help everyth els wast time hear call corp,negative
 man wait book ticket thank jp life sabe,positive
 ice total understand larg number us face hour time overnight cancel flightat seem like,negative
 flt cancel flightl get email happen courtesi phn call book diff airlin amp citi,negative
 tag number let find bag,negative
 better train support staff appropri decorum consid revisit terribl provid death certif polici,negative
 well bar set low guy realli good apolog game chang u guy learn,positive
 post disappoint frequent unit flyer simpl bad appl spoil bunch,negative
 guy continu impress houston,positive
 way make phone call need handl via twitter email web thank,negative
 pleas help ethiopia adopt two year old child exist confirm need add child reserv,neutral
 question onboad volt outlet plane,neutral
 websit deserv new design html5 ftw,positive
 thank ef holiday miss full day ski due baggag team incompet,negative
 twitter let dm,neutral
 hope,neutral
 agent help person front finish walk away guy behind shock,negative
 connect ord exact plane check carri appar taken amp left chicago pretti ridicul,negative
 encourag cpap tonight,positive
 yes file claim soon carousel stop without bag got email found sched deliveri,negative
 idea monitor mileag member travel pattern enough know chang job lose status make transit easier,neutral
 delay den cle manual enter baggag tag realli worst cust servic day ker friendlyski,negative
 tell us flight delay tell us time min spare say delay unless sure,negative
 yes lusaka zambia guess bag never made plane iad,negative
 flight voucher,neutral
 late flight denver late flight newark let even get disast check bag unaccept,negative
 let think ever flown problem worst airlin period,negative
 yes file claim amp hope receiv luggag ridicul purchas item go sleep amp reimburs,negative
 ua938 ord lhr bag load min late flight frigid air cabin plane feel like fall apart upgrad long haul fleet,negative
 flight attend never serv beverag tea check give ua6076 notcool,negative
 load balanc system appar systemwid major impact unit airlin flight cyberattack,negative
 unschedul refuel stop miss connect flight r home n look ward bed big pb amp j sandwich,negative
 spent hundr rectifi situat guy go quiet,negative
 ua276 sit ewr near hour sked pilot say comput clue leav help,negative
 end come travel liter extra day half,negative
 made upgrad list fli st tomorrow min first time ever statusmatchpaidoff,negative
 refund us vacat get free room night make make us sleep dia,negative
 thank remind fun ride,positive
 receiv luggag also look left snow arriv ask peopl refund,negative
 updat a320 aircraft wifi devic entertain outlet get charg devic,negative
 one scan insid plane ask peopl line around plane go,negative
 gate chang two delay even crew think airlin suck,negative
 frustrat wast day due equip failur,negative
 comput stop give updat took flight info app ridicul keep peopl updat,negative
 soooo day offer respons assum poor treatment gate agent norm,negative
 terrif mani thank look forward back ua tomorrow great flight vancouv,positive
 call result hrs hold time amp day wait check suspect code share fare noth investig time wast,negative
 taken week cust care respond case request refund wi fi work get updat,negative
 appreci effort get home,positive
 correct spent hour tri book onlin receiv error click final purchas button,negative
 today finest could prevent one gate agent advis passeng,negative
 real deal delay flight ua denver vega,neutral
 ua63 madrid arriv agent mass confus sent fro ua employe maryjo rude unhelp,negative
 system failur bad trend softwar project like fli airplan thing emerg takeoff,negative
 lot report system failur delay flight last week current sit tarmac ogg hour,negative
 reboot chicago dispatch system need tire sit plane,negative
 despit shaki connect look like get home tonight great job touch go,positive
 howev complet control price still display,negative
 aircraft closest gate flight one closest gate go chicago,negative
 tell file claim cloth purchas,negative
 comic return flight ase two unit flight board adjac gate clear plane board,neutral
 grk13575m file refer,neutral
 would contact discuss poor experi custom servic would give shot,negative
 ua pacif rim date night cut constant random one spot repeat,negative
 tri sinc file report,negative
 send email bad experi send back generic respons yet anoth reason never fli,negative
 mom left kindl flight today burgundi case light seat anyon find,negative
 ticket pleas refund unnecessari upgrad fee,neutral
 horribl lost carseat expect us use loner carseat safeti regul say illeg use use car seat,negative
 thank,positive
 decis decis love tri servic offer status match kp,neutral
 need info great amen kit pj includ status match aa kp,neutral
 care link show wrong price site site amp respons ensur correct,negative
 flight lie flat seat stl pdx around date march,neutral
 need get home th tell th night compens anyth done,negative
 baggag fee waiv premier member pleas see jp point membership,neutral
 wonder bag claim peopl final bag catch earlier flight origin flight land wastedtim,negative
 dmed thank,positive
 thank touch,positive
 thank karen salisburi iah amaz custom servic found daughter bag lost ua1516 made day,positive
 day late flightr bag left iad unit help everyon tell differ stori,negative
 hi direct flight houston reno begin see day march,neutral
 like continent chicken feat fair,neutral
 assist current flight status flt dfw tomorrow,neutral
 left comment custom care thank contact,positive
 lose gate check bag den ord direct flight ugh,negative
 caught earlier flight ord gate check bag lost hare origin flight land minut frustrat,negative
 yes thank much see spoke reserv team reinstat flight thank ey,positive
 captain behalf front offic welcom board never heard laugh hard funnycaptain,negative
 pleas follow dm miss bag,neutral
 clear luggag comment referenc photo attach flight jac,neutral
 great fare,positive
 left item plane call non stop one answer pleas help,negative
 awesom book next christma vacatinn decemb way want devalu mileag plus,neutral
 good number call speak someon fix peopl luggag saturday,negative
 thank u secur room night thx help custom servic rep n dorn thank u goodenoughmoth,positive
 damn bag,negative
 well someon tell employe denver baggag claim still bag,negative
 greet ua club member idea use air canada loung yvr fli ua tomorrow,neutral
 mexico intern us,neutral
 divert miss connect flight told bag way msi peopl care,negative
 male agnt las threaten canadian cust cust take pic gate agent announc help rebook friendlyski,negative
 want go home tonight cancel flight last leg reserv w permiss ph6rps,negative
 stress rude agent overwhelm delyd flight las den yell sever peopl pretti friendlyski,negative
 land boston last night hour travel rough tho,negative
 fail cancel flightl flight frm gjt use reserv home iah sea reflight book problem w permiss ph6rps,negative
 sent thank u rt pleas dm confirm number reflight book problem need thank ey,neutral
 made fli list airlin wait connector late flight stuck iah,negative
 deal u provid voucher overnight cozi floor ohar gross helpmepleas anyonether,negative
 also mere fact go onlin issu statement vice call talk direct one good exampl,negative
 thank flew newark vail eagl,positive
 weekend deal compani would say otherwis,neutral
 flight gone got plane businesstravel goodenoughmoth,negative
 proper respons sorri wait flight look issu would handl,negative
 custom servic terribl stood inlin hour flight hour late flightr still bag disgutedindenv,negative
 pleas upload march demand entertain list websit,neutral
 inadequ accid,positive
 denver intern airport,neutral
 thank respond quick help tool,positive
 board time show min gate agent start show check bag,negative
 agent las let custom know help rebook delay flight den unfriendlyski,negative
 empath w disappoint stclass flight w nonwork entertainmnt worth unfriendlyski,negative
 work,positive
 seen messag today mcdonnel dougla dc model hear read goodnight,neutral
 search mileag ticket bom find singl one saver award see play earn mile use,neutral
 flight arriv minut earli wait hour bag,negative
 issu fact one even call despit promis confirm bag locat,negative
 girl gotta get flight name chang bought one mean ex boyfriend need girl trip stat,neutral
 thank sign notif shall watch wait,positive
 still wait hear back wallet stolen one plane would appreci resolut,negative
 would love someon could get back austin tonight wish wait til tomorrow morn,positive
 lost baggag heard differ thing differ employe said noth,negative
 cs think mile repair damag done interest travel exp worst flight ever,negative
 flight dfw tuesday far advanc give notic cancel flightl,negative
 sign notif first trip updat sure happen,negative
 thank took care everyth made right experi use open app find flight chang,negative
 line respons wait tomorrow morn flight overbook,negative
 took exact aircraft lax day ago fit problem agent today told nonsens polici chang,negative
 help agent club help baggag fee night life stop busi,negative
 never heard,negative
 charg ticket chang fee incur mysteri cost incur,neutral
 exhaust amp frustrat link fb post abt travel issu,negative
 deni get plane w get chanc prove fit rooki read bio,negative
 exact point fit premier access board group return ticket yrs,neutral
 never experienc worst custom servic place blame codeshar partner assum respons unaccept,negative
 current board check terribl staff rude expens luggag thrown around etc,negative
 fuck void ticket kept money even apolog never fli airlin unitedairlin,negative
 worst custom svcs kevin rep call center must investig baggag lost help argument,negative
 sell ticket terribl servic ua staff cannot reach silver,negative
 got demot gold cuz hubbi got pqd tho enuf spent gold spousal discrimin angri,negative
 thank,positive
 direct flight belfast intl newark resum winter break thank,neutral
 favorit way travel thank,positive
 yes aw weather appear get home,negative
 yes lot terribl custom servic newark despit rais complaint ignor henc tweet,negative
 love new plane lga ord power outlet,neutral
 tweet id number reveal home address anyon web,neutral
 file delay bag report saturday flight cancel flightl never went anywher,negative
 person current bettween gate lax,neutral
 need land ewr baggag claim file sent employe droppeditoffyet,negative
 rare ceas amaz wors hope last time fli,positive
 thank quick respons cannot dm follow well,positive
 icloud yet pleas help,neutral
 need phone number baggag claim lax mom left phone someon call say would put,negative
 respons back,positive
 atroci custom servic,negative
 honor absurd low mistak fare v√≠a,negative
 albanyairport delay departur check bag gate claim space fill walk open space delay poorcustomerservic,negative
 cancel flight flight reason amp phone hour vacat,negative
 respons shake head back forth tsk better custom servic apolog,positive
 thank k mile rtb europ multipl destin could stop us way way back mileag diff,negative
 cours bag frustrat,negative
 worst avoid like plagu,negative
 worst airlin world,negative
 someon need dm resolv correct extrem disappoint servic receiv terribl manag,negative
 premier gold desk chang flight waiv fee give wrong flight jana acosta salt lake refus servic angri,negative
 give one thing consist unfortun consist job well alwaysdelayedonunit,negative
 right angri,positive
 first time fli unit also last time terribl back branson virginatlant unitedairlin,negative
 use commit continentalairlin flyer merger rememb switch communicationfail,negative
 least could offer ticket coach instead cancel flight reserv glitch notfair,negative
